Headword,Definition,Part of Speech,Semantic Group,Frequency Rank
ā ab abs,"from, by (+abl.)",Preposition,Place,21.00
abeō -īre -iī -itum,go away,Verb: Irregular,Motion,553.00
absum abesse āfuī,"be away, absent",Verb: Irregular,Travel,445.00
ac,"and in addition, and also, and; (after comparatives) than; simul ac, as soon as; → atque",Conjunction,Conjunctions/Adverbs,36.00
accēdō -cēdere -cessī -cessum,approach,Verb: 3rd Conjugation -ō,Motion,614.00
accidō -cidere -cidī,fall; happen,Verb: 3rd Conjugation -ō,Motion,799.00
accipiō -cipere -cēpī -ceptum,receive,Verb: 3rd Conjugation -iō,Social Life,110.00
ācer ācris ācre,"sharp, piercing",Adjective: 3rd Declension,Other Senses,587.00
aciēs -ēī f.,edge; line of battle,Noun: 5th Declension,War and Peace,439.00
ad,"to, up to, towards (+acc.)",Preposition,Place,14.00
addō -dere -didī -ditum,give to,Verb: 3rd Conjugation -ō,Social Life,433.00
addūcō -ere -dūxī -ductum,"lead to, induce",Verb: 3rd Conjugation -ō,Verbs of Compelling/Directing,886.00
adeō -īre -iī -itum,go to,Verb: Irregular,Motion,595.00
adeō,"(adv.) to such a degree, so",Adverb,Conjunctions/Adverbs,555.00
adhibeō -hibēre -hibuī -hibitum,apply,Verb: 2nd Conjugation,Making/Doing,959.00
adhūc,"thus far, to this point",Adverb,Place,379.00
adveniō -īre -vēnī -ventum,"come to, arrive at",Verb: 4th Conjugation,Travel,987.00
adversus -a -um,"facing, opposed; unfavorable",Adjective: 1st and 2nd Declension,War and Peace,657.00
adversus (-um),"(adv. and prep.) facing, opposite, against, opposed (to)",Adverb,War and Peace,460.00
advertō -vertere -vertī -versum,turn towards,Verb: 3rd Conjugation -ō,Motion,986.00
aedēs -is f.,building; (pl.) house,Noun: 3rd Declension,The House,965.00
aeger aegra aegrum,sick,Adjective: 1st and 2nd Declension,Life and Being,810.00
aegrē,with difficulty,Adverb,Life and Being,984.00
aequē,equally,Adverb,Justice,904.00
aequor aequoris n.,"level surface, sea, plain",Noun: 3rd Declension,Earth and Water,424.00
aequus -a -um,equal,Adjective: 1st and 2nd Declension,Justice,610.00
āēr āeris m.,air,Noun: 3rd Declension,Air and Fire,845.00
aes aeris n.,"copper, bronze",Noun: 3rd Declension,Business/Money,744.00
aetās -tātis f.,"age, time of life",Noun: 3rd Declension,Lengths of Time,308.00
aeternus -a -um,"everlasting, eternal",Adjective: 1st and 2nd Declension,Lengths of Time,734.00
aethēr aetheris n.,"pure upper air, ether, heaven, sky",Noun: 3rd Declension,Air and Fire,851.00
aevum -ī n.,"eternity; lifetime, age",Noun: 2nd Declension,Lengths of Time,875.00
afferō afferre attulī allātum,bring to,Verb: Irregular,Verbs of Transport,514.00
afficiō -ficere -fēcī -fectum,"affect, visit with (+ abl.)",Verb: 3rd Conjugation -iō,Social Life,958.00
ager agrī m.,field,Noun: 2nd Declension,Animals/Plants,324.00
agitō -āre,drive,Verb: 1st Conjugation,Verbs of Compelling/Directing,578.00
āgmen -minis n.,line of march,Noun: 3rd Declension,War and Peace,358.00
agō agere ēgī āctum,"drive, do, act",Verb: 3rd Conjugation -ō,Verbs of Compelling/Directing,69.00
aiō,"say, affirm, say yes; ut āiunt: as they say",Verb: Irregular,Speech/Oratory,406.00
albus -a -um,white,Adjective: 1st and 2nd Declension,Vision,925.00
aliēnus -a -um,"foreign, strange",Adjective: 1st and 2nd Declension,Geography,367.00
aliquandō,"at some time, at length",Adverb,Time,763.00
aliquis -quae -quod,"some, any; si quis, si quid: anyone who, anything that",Pronoun,Pronouns/Interrogatives,77.00
aliter,"otherwise, differently",Adverb,Conjunctions/Adverbs,782.00
alius -a -ud,"other, another; ālias: at another time",Adjective: 1st and 2nd Declension,Pronouns/Interrogatives,37.00
alō alere aluī alitum,nourish,Verb: 3rd Conjugation -ō,Life and Being,817.00
alter altera alterum,other of two,Adjective: 1st and 2nd Declension,Measurement,148.00
altus -a -um,"high, lofty; deep",Adjective: 1st and 2nd Declension,Geography,159.00
amīcitia -ae f.,friendship,Noun: 1st Declension,Social Life,690.00
amīcus -a -um,friendly; (as subst.) friend,Adjective: 1st and 2nd Declension,Personality Traits/Characteristics,198.00
āmittō -mittere -mīsī -missum,"let go, send away",Verb: 3rd Conjugation -ō,Verbs of Compelling/Directing,486.00
amnis -is m.,"river, torrent",Noun: 3rd Declension,Earth and Water,467.00
amō -āre,to love; amāns -ntis m./f.: lover,Verb: 1st Conjugation,Love,219.00
amor -ōris m.,love,Noun: 3rd Declension,Love,116.00
amplus -a -um,"large, spacious",Adjective: 1st and 2nd Declension,Measurement,915.00
an,or (in questions); utrum ... an: whether ... or,Conjunction,Conjunctions/Adverbs,94.00
anima -ae f.,"breath, spirit",Noun: 1st Declension,Life and Being,493.00
animal -ālis n.,"a living being, an animal",Noun: 3rd Declension,Animals/Plants,547.00
animus -ī m.,"spirit, mind",Noun: 2nd Declension,Life and Being,40.00
annus -ī m.,year,Noun: 2nd Declension,Lengths of Time,167.00
ante,"before, in front of (adv. and prep. + acc.)",Preposition,Time,112.00
antequam,before,Conjunction,Time,787.00
antīquus -a -um,"ancient, old-time, former",Adjective: 1st and 2nd Declension,Lengths of Time,617.00
aperiō aperīre aperuī apertum,open,Verb: 4th Conjugation,The House,837.00
appāreō -ēre -uī,"appear, become visible",Verb: 2nd Conjugation,Vision,830.00
appellō -pellāre,"call, address, name",Verb: 1st Conjugation,Social Life,700.00
aptus -a -um,"fit, suitable",Adjective: 1st and 2nd Declension,Personality Traits/Characteristics,916.00
apud,"near, in the presence of (+acc.)",Preposition,Place,205.00
aqua -ae f.,water,Noun: 1st Declension,Earth and Water,272.00
āra -ae f.,altar,Noun: 1st Declension,Religion,374.00
arbitror arbitrārī arbitrātus sum,"consider, think",Verb: Deponent,Education/Knowledge,963.00
arbor arboris f.,tree,Noun: 3rd Declension,Animals/Plants,468.00
ārdeō ārdēre ārsī ārsum,"blaze, glow; be eager",Verb: 2nd Conjugation,Air and Fire,618.00
argentum -ī n.,"silver, money",Noun: 2nd Declension,Business/Money,849.00
arma -ōrum n. pl.,"arms, weapons",Noun: 2nd Declension,War and Peace,98.00
ars artis f.,skill,Noun: 3rd Declension,Education/Knowledge,258.00
arvum -ī n.,"ploughed land, field",Noun: 2nd Declension,Animals/Plants,637.00
arx arcis f.,"citadel, castle; summit",Noun: 3rd Declension,The City,638.00
ascendō -ere -scendī -scēnsum,"climb up, ascend",Verb: 3rd Conjugation -ō,Travel,990.00
aspiciō -ere -spēxī -spectum,"look to or at, behold",Verb: 3rd Conjugation -iō,Vision,483.00
adsum adesse affuī,be present,Verb: Irregular,Place,279.00
astrum -ī n.,star; constellation,Noun: 2nd Declension,Air and Fire,685.00
at,"but, but yet",Conjunction,Conjunctions/Adverbs,74.00
atque,"and in addition, and also, and; (after comparatives) than; simul atque, as soon as; → ac",Conjunction,Conjunctions/Adverbs,35.00
auctor -ōris m.,"originator, founder",Noun: 3rd Declension,Writing/Poetry,546.00
auctōritās -ātis f.,"influence, clout, authority",Noun: 3rd Declension,Social Life,898.00
audāx audācis,"bold, daring; reckless",Adjective: 3rd Declension,Personality Traits/Characteristics,876.00
audeō audēre ausus sum,"dare, be eager",Verb: 2nd Conjugation,Personality Traits/Characteristics,270.00
audiō -īre -īvī/-iī -ītum,"hear, listen to",Verb: 4th Conjugation,Other Senses,165.00
auferō auferre abstulī ablātum,take away,Verb: Irregular,Verbs of Transport,556.00
augeō augēre auxī auctum,increase,Verb: 2nd Conjugation,Making/Doing,709.00
avis -is f.,bird,Noun: 3rd Declension,Animals/Plants,855.00
aura -ae f.,breeze,Noun: 1st Declension,Air and Fire,420.00
aureus -a -um,golden; splendid,Adjective: 1st and 2nd Declension,Business/Money,691.00
auris -is f.,ear,Noun: 3rd Declension,The Body,366.00
aurum -ī n.,gold,Noun: 2nd Declension,Business/Money,303.00
aut,or,Conjunction,Conjunctions/Adverbs,24.00
autem,"moreover, but, however",Conjunction,Conjunctions/Adverbs,123.00
auxilium -ī n.,"support, assistance; (pl.) auxiliary forces",Noun: 2nd Declension,War and Peace,543.00
barbarus -ī m.,"foreigner, barbarian",Noun: 2nd Declension,War and Peace,768.00
beātus -a -um,"happy, blessed, prosperous, fortunate",Adjective: 1st and 2nd Declension,Personality Traits/Characteristics,408.00
bellum -ī n.,war,Noun: 2nd Declension,War and Peace,86.00
bene,well,Adverb,Personality Traits/Characteristics,235.00
beneficium -ī n.,"service, kindness",Noun: 2nd Declension,Social Life,182.00
bonus -a -um,good,Adjective: 1st and 2nd Declension,Personality Traits/Characteristics,68.00
bōs bovis m.,ox; gen. pl. boum,Noun: 3rd Declension,Animals/Plants,808.00
brevis -e,"short, shallow, brief",Adjective: 3rd Declension,Measurement,589.00
breviter,briefly,Adverb,Measurement,992.00
cadō cadere cecidī cāsum,"fall, be killed",Verb: 3rd Conjugation -ō,Violence,210.00
caecus -a -um,"blind, unseeing; dark, obscure",Adjective: 1st and 2nd Declension,Vision,728.00
caedēs -is f.,"killing, slaughter",Noun: 3rd Declension,Violence,415.00
caedō caedere cecīdī caesum,"strike, kill, cut down",Verb: 3rd Conjugation -ō,Violence,612.00
caelestis -e,"from or of heaven; caelestēs, the gods",Adjective: 3rd Declension,Air and Fire,960.00
caelum -ī n.,"sky, heavens",Noun: 2nd Declension,Air and Fire,117.00
campus -ī m.,"plain, field",Noun: 2nd Declension,Earth and Water,391.00
candidus -a -um,"white, fair",Adjective: 1st and 2nd Declension,Vision,692.00
canis -is m./f.,dog,Noun: 3rd Declension,Animals/Plants,687.00
canō canere cecinī cantum,sing,Verb: 3rd Conjugation -ō,Writing/Poetry,389.00
capiō capere cēpī captum,seize,Verb: 3rd Conjugation -iō,War and Peace,131.00
caput capitis n.,head,Noun: 3rd Declension,The Body,124.00
careō -ēre -uī,lack (+ abl.),Verb: 2nd Conjugation,Business/Money,572.00
carmen -inis n.,song,Noun: 3rd Declension,Writing/Poetry,254.00
cārus -a -um,dear,Adjective: 1st and 2nd Declension,Personality Traits/Characteristics,462.00
castrum -ī n.,"fortress, (regularly plural, castra camp)",Noun: 2nd Declension,War and Peace,224.00
castus -a -um,"pure, spotless, chaste",Adjective: 1st and 2nd Declension,Personality Traits/Characteristics,838.00
cāsus -ūs m.,"a fall; chance, accident",Noun: 4th Declension,Violence,344.00
caveō cavēre cāvī cautum,"be on guard, beware",Verb: 2nd Conjugation,Violence,941.00
causa -ae f.,"cause, reason; causā + preceding genitive, for the sake of",Noun: 1st Declension,Speech/Oratory,107.00
cēdō cēdere cessī cessum,"go, move; yield",Verb: 3rd Conjugation -ō,War and Peace,304.00
celebrō -āre,"frequent, throng, crowd",Verb: 1st Conjugation,The City,893.00
celer -is -e,swift,Adjective: 3rd Declension,Time,745.00
celeriter,quickly,Adverb,Time,967.00
cēnseō cēnsēre cēnsuī cēnsum,"assess, rate; think, decide",Verb: 2nd Conjugation,Education/Knowledge,928.00
centum,one hundred,Adjective: Numeral,Measurement,730.00
cernō cernere crēvī crētum,"discern, separate",Verb: 3rd Conjugation -ō,Education/Knowledge,655.00
certē,"certainly, surely",Adverb,Measurement,601.00
certō -āre,"decide by contest; fight, compete, vie",Verb: 1st Conjugation,Athletics,864.00
certus -a -um,"sure, fixed",Adjective: 1st and 2nd Declension,Measurement,285.00
cēterum,"for the rest, in addition, however that may be",Adverb,Pronouns/Interrogatives,571.00
cēterus -a -um,"the other, the others, the rest",Adjective: 1st and 2nd Declension,Pronouns/Interrogatives,596.00
cibus -ī m.,food,Noun: 2nd Declension,Life and Being,863.00
cingō cingere cīnxī cīnctum,"encircle, surround, gird",Verb: 3rd Conjugation -ō,War and Peace,814.00
cinis cineris m./f.,"ashes, embers",Noun: 3rd Declension,Air and Fire,779.00
circā,around (adv. and prep. +acc.),Preposition,Place,735.00
citus -a -um,swift; citō swiftly,Adjective: 1st and 2nd Declension,Time,590.00
cīvis -is m./f.,citizen,Noun: 3rd Declension,The City,471.00
cīvitās -ātis f.,"citizenship, state",Noun: 3rd Declension,The City,346.00
clāmor -ōris m.,"outcry, shout",Noun: 3rd Declension,Speech/Oratory,605.00
clārus -a -um,"clear, distinguished",Adjective: 1st and 2nd Declension,Personality Traits/Characteristics,395.00
classis -is f.,"class, division, fleet",Noun: 3rd Declension,War and Peace,505.00
claudō claudere clausī clausum,"close, shut",Verb: 3rd Conjugation -ō,The House,392.00
coepī coepisse coeptus,begin,Verb: Irregular,Time,312.00
cōgitō -āre,"think, reflect",Verb: 1st Conjugation,Education/Knowledge,515.00
cōgnōscō -gnōscere -gnōvī -gnitum,"learn, understand",Verb: 3rd Conjugation -ō,Education/Knowledge,339.00
cōgō cōgere coēgī coāctum,drive together; compel,Verb: 3rd Conjugation -ō,Verbs of Compelling/Directing,250.00
cohors cohortis f.,"cohort, band, troop",Noun: 3rd Declension,War and Peace,666.00
colligō -ere -lēgī -lēctum,"gather together, collect",Verb: 3rd Conjugation -ō,Verbs of Compelling/Directing,820.00
colō colere coluī cultum,"inhabit, cultivate",Verb: 3rd Conjugation -ō,Animals/Plants,333.00
color -ōris m.,color,Noun: 3rd Declension,Vision,725.00
coma -ae f.,"hair, tresses",Noun: 1st Declension,The Body,405.00
comes comitis m./f.,"companion, comrade; attendant, follower",Noun: 3rd Declension,Social Life,448.00
committō -mittere -mīsī -missum,"join, entrust to (+ dat.); perform, do",Verb: 3rd Conjugation -ō,Social Life,608.00
commūnis -e,"common, general",Adjective: 3rd Declension,The City,660.00
comparō -āre,"get ready, provide; compare",Verb: 1st Conjugation,Business/Money,890.00
compōnō -pōnere posuī positum,"build, construct, arrange",Verb: 3rd Conjugation -ō,Making/Doing,443.00
concēdō -cēdere -cessī -cessum,"yield, withdraw",Verb: 3rd Conjugation -ō,War and Peace,663.00
condīciō -ōnis f.,"agreement, condition",Noun: 3rd Declension,Business/Money,920.00
condō -dere -didī -ditum,"build, found; store up; hide, conceal",Verb: 3rd Conjugation -ō,The City,540.00
cōnferō cōnferre contulī collātum,"collect, bring to",Verb: Irregular,Verbs of Transport,645.00
cōnficiō -ficere -fēcī -fectum,"complete, accomplish; destroy, kill, consume",Verb: 3rd Conjugation -iō,Violence,894.00
cōnfiteor cōnfitērī cōnfessus sum,"admit (a fact), confess (a crime); reveal, disclose",Verb: Deponent,Justice,972.00
coniunx coniugis m./f.,"spouse, husband, wife",Noun: 3rd Declension,The Household,218.00
cōnor cōnārī cōnātus sum,"try, attempt",Verb: Deponent,Making/Doing,905.00
cōnsequor -sequī -secūtus sum,"follow up, overtake, attain",Verb: Deponent,Motion,917.00
cōnsilium -ī n.,"plan; council, group of advisors",Noun: 2nd Declension,The City,217.00
cōnsistō -sistere -stitī,"take position; consist in, be composed of",Verb: 3rd Conjugation -ō,Speech/Oratory,780.00
cōnstituō -stituere -stituī -stitūtum,"establish, put together",Verb: 3rd Conjugation -ō,Making/Doing,652.00
cōnstō -stāre -stitī,"agree; constat, it is established that (+ acc. and infin.)",Verb: 1st Conjugation,Speech/Oratory,731.00
cōnsuētūdo -inis f.,"custom, habit",Noun: 3rd Declension,Personality Traits/Characteristics,954.00
cōnsul -ulis m.,consul,Noun: 3rd Declension,The City,321.00
cōnsulō -sulere -suluī -sultum,"consult, plan (+ acc.); consider the interests of (+dat)",Verb: 3rd Conjugation -ō,The City,757.00
cōnsūmō -sūmere -sūmpsī -sūmptum,"to use up, consume",Verb: 3rd Conjugation -ō,Life and Being,869.00
contemnō -temnere -tempsī -temptum,"despise, scorn, disdain",Verb: 3rd Conjugation -ō,Emotions,615.00
contineō -tinēre -tinuī -tentum,"contain, restrain",Verb: 2nd Conjugation,Verbs of Compelling/Directing,804.00
contingō -tingere -tigī -tactum,"touch, be contiguous to",Verb: 3rd Conjugation -ō,Place,494.00
contrā,"against, opposite (adv. and prep. +acc.)",Preposition,Place,271.00
conveniō -venīre -vēnī -ventum,"assemble, meet; agree",Verb: 4th Conjugation,Social Life,698.00
convertō -vertere -vertī -versum,"turn about, turn, change",Verb: 3rd Conjugation -ō,Motion,834.00
convīvium -iī n.,"banquet, feast",Noun: 2nd Declension,Social Life,921.00
cōpia -ae f.,abundance; (pl.) troops,Noun: 1st Declension,War and Peace,331.00
cor cordis n.,"heart; cordī est, it is pleasing to (+ dat.)",Noun: 3rd Declension,The Body,795.00
cornu -ūs n.,horn,Noun: 4th Declension,Animals/Plants,591.00
corpus corporis n.,body,Noun: 3rd Declension,The Body,75.00
corrumpō -rumpere -rūpī -ruptum,"break up, destroy, ruin",Verb: 3rd Conjugation -ō,Violence,870.00
crēdō crēdere crēdidī crēditum,believe,Verb: 3rd Conjugation -ō,Education/Knowledge,109.00
creō -āre,"produce, create; elect, choose",Verb: 1st Conjugation,Making/Doing,978.00
crēscō crēscere crēvī crētum,"grow, increase",Verb: 3rd Conjugation -ō,Animals/Plants,609.00
crīmen -inis n.,"verdict, accusation",Noun: 3rd Declension,Justice,475.00
culpa -ae f.,"guilt, fault, blame",Noun: 1st Declension,Justice,769.00
cum,"with (prep. + abl.); when, since, although (conjunction + subj.)",Preposition,Conjunctions/Adverbs,10.00
cūnctus -a -um,entire all together,Adjective: 1st and 2nd Declension,Measurement,292.00
cupīdō -inis f.,"desire, eagerness, craving",Noun: 3rd Declension,Love,906.00
cupiō -ere -īvī -ītum,desire,Verb: 3rd Conjugation -iō,Love,441.00
cūr,why?,Adverb,Pronouns/Interrogatives,404.00
cūra -ae f.,"care, concern",Noun: 1st Declension,Love,186.00
cūrō -āre,"watch over, look after, care for (+ acc.)",Verb: 1st Conjugation,Love,743.00
currō currere cucurrī cursum,run,Verb: 3rd Conjugation -ō,Athletics,562.00
currus -ūs m.,chariot,Noun: 4th Declension,Athletics,491.00
cursus -ūs m.,"course, advance",Noun: 4th Declension,Athletics,351.00
custōs custōdis m.,guardian,Noun: 3rd Declension,The Household,622.00
damnō -āre,condemn,Verb: 1st Conjugation,Justice,751.00
damnum -ī n.,"damage, injury",Noun: 2nd Declension,Violence,926.00
dē,"down from, about, concerning (+ abl.)",Preposition,Place,46.00
dēbeō dēbēre dēbuī dēbitum,"owe, be obliged",Verb: 2nd Conjugation,Business/Money,155.00
decem,ten,Adjective: Numeral,Measurement,914.00
dēcernō -cernere -crēvī -crētum,"determine, decide",Verb: 3rd Conjugation -ō,Education/Knowledge,800.00
decet decēre decuīt,"it is right, proper, fitting (+ acc. + infin.)",Verb: Impersonal,Personality Traits/Characteristics,718.00
decus decoris n.,"beauty, grace; ornament, glory, honor",Noun: 3rd Declension,Personality Traits/Characteristics,548.00
dēdūcō -dūcere -dūxī -ductum,"launch, lead away",Verb: 3rd Conjugation -ō,Travel,661.00
dēfendō -fendere -fendī -fēnsum,"defend, ward off",Verb: 3rd Conjugation -ō,War and Peace,653.00
dēferō -ferre -tulī -lātum,"carry away, report",Verb: Irregular,Verbs of Transport,805.00
deficiō -ficere -fēcī -fectum,"fail, give out; revolt from",Verb: 3rd Conjugation -iō,War and Peace,676.00
deinde/dein,"then, next",Adverb,Time,150.00
dēnique,finally,Adverb,Time,796.00
dēscendō -scendere -scendī -scēnsum,"climb down, descend",Verb: 3rd Conjugation -ō,Travel,802.00
dēserō -ere dēseruī dēsertum,"leave, desert, abandon",Verb: 3rd Conjugation -ō,Motion,544.00
dēsīderō -āre,"long for, desire greatly",Verb: 1st Conjugation,Love,892.00
dēsinō -sinere -siī -situm,"leave off, cease",Verb: 3rd Conjugation -ō,Motion,624.00
dēsum -esse -fuī,be lacking,Verb: Irregular,Business/Money,463.00
deus -ī m.; dea -ae f.,god; goddess,Noun: 2nd Declension,Religion,42.00
dexter -tra -trum,right; dextera -ae f.: right hand,Adjective: 1st and 2nd Declension,Place,260.00
dīcō dīcere dīxī dictum,"say; causam dīcere, plead a case; diem dīcere, appoint a day",Verb: 3rd Conjugation -ō,Speech/Oratory,33.00
diēs diēī m./f.,day,Noun: 5th Declension,Lengths of Time,54.00
differō differre distulī dīlātum,"scatter; publish, divulge; differ; defer, postpone",Verb: Irregular,Making/Doing,880.00
difficilis -e,"not easy, hard, difficult",Adjective: 3rd Declension,Personality Traits/Characteristics,861.00
dīgnitās -ātis f.,"worth, reputation, honor",Noun: 3rd Declension,Personality Traits/Characteristics,956.00
dīgnus -a -um,worthy,Adjective: 1st and 2nd Declension,Personality Traits/Characteristics,291.00
dīligō -ligere -lēxī -lēctum,"choose, cherish, love",Verb: 3rd Conjugation -ō,Love,973.00
dīmittō -mittere -mīsī -missum,send away,Verb: 3rd Conjugation -ō,Verbs of Compelling/Directing,777.00
discēdō -ere -cessī -cessum,"go away, depart",Verb: 3rd Conjugation -ō,Travel,726.00
disciplīna -ae f.,"training, instruction; learning, discipline",Noun: 1st Declension,Education/Knowledge,982.00
discō -ere didicī,learn,Verb: 3rd Conjugation -ō,Education/Knowledge,465.00
diū:,for a long time,Adverb,Time,361.00
dīversus -a -um,"different, diverse",Adjective: 1st and 2nd Declension,Other Senses,641.00
dīves dīvitis,"rich (poet. dīs, dītis)",Adjective: 3rd Declension,Business/Money,564.00
dīvidō -ere dīvīsī dīvīsum,"divide, separate",Verb: 3rd Conjugation -ō,Making/Doing,628.00
dīvitiae -ārum f. pl.,"riches, wealth",Noun: 1st Declension,Business/Money,712.00
dīvus -a -um,"divine, godlike; (as subst.) a god",Adjective: 1st and 2nd Declension,Religion,962.00
dō dare dedī datum,give,Verb: 1st Conjugation,Social Life,28.00
doceō -ēre -uī doctum,teach,Verb: 2nd Conjugation,Education/Knowledge,393.00
doleō -ēre doluī,"feel pain or grief, grieve",Verb: 2nd Conjugation,Emotions,785.00
dolor -ōris m.,"pain, grief",Noun: 3rd Declension,Emotions,193.00
dolus -ī m.,"artifice, device, trick",Noun: 2nd Declension,Deception,701.00
dominus -ī m.; domina -ae f.,"household master, lord; mistress",Noun: 2nd Declension,The Household,241.00
domus -ūs f.,"house, home",Noun: 4th Declension,The House,73.00
dōnec,until,Conjunction,Time,771.00
dōnō -āre,present with a gift (+ acc. of person and abl. of thing),Verb: 1st Conjugation,Social Life,606.00
dōnum -ī n.,"gift, present",Noun: 2nd Declension,Social Life,476.00
dormiō -īre,sleep,Verb: 4th Conjugation,Life and Being,975.00
dubitō -āre,"hesitate, doubt",Verb: 1st Conjugation,Education/Knowledge,521.00
dubius -a -um,"doubtful; (as subst.) a doubt; sine dubiō, without a doubt, certainly",Adjective: 1st and 2nd Declension,Deception,528.00
dūcō dūcere dūxī ductum,"lead; uxōrem dūcere, marry",Verb: 3rd Conjugation -ō,Verbs of Compelling/Directing,133.00
dulcis -e,sweet,Adjective: 3rd Declension,Other Senses,383.00
dum,while (+ indic.); until (+ subj.); provided that (+ subj.),Conjunction,Time,103.00
duo duae duo,two,Adjective: Numeral,Measurement,221.00
dūrus -a -um,"hard, tough, harsh",Adjective: 1st and 2nd Declension,Other Senses,249.00
dux ducis m./f.,"leader, general",Noun: 3rd Declension,War and Peace,239.00
ecce,behold!,Adverb,Vision,643.00
ēdīcō -dīcere -dīxī -dictum,declare,Verb: 3rd Conjugation -ō,Speech/Oratory,996.00
ēdō ēdere ēdidī ēditum,"put forth, state, explain",Verb: 3rd Conjugation -ō,Speech/Oratory,688.00
ēdūcō -dūcere -dūxī -ductum,lead forth,Verb: 3rd Conjugation -ō,Verbs of Compelling/Directing,935.00
efficiō -ficere -fēcī -fectum,"bring about, complete; render (+ ut + subj.)",Verb: 3rd Conjugation -iō,Making/Doing,573.00
effundō -fundere -fūdī -fūsum,pour out,Verb: 3rd Conjugation -ō,Earth and Water,719.00
ego meī mihi mē,"I, me",Pronoun,Pronouns/Interrogatives,11.00
ēgredior ēgredī ēgressus sum,"stride out, depart, disembark from (+ abl.)",Verb: Deponent,Travel,912.00
ēgregius -a -um,"distinguished, uncommon",Adjective: 1st and 2nd Declension,Personality Traits/Characteristics,860.00
ēligō ēligere ēlēgī ēlēctum,"pick out, select",Verb: 3rd Conjugation -ō,The City,942.00
enim,"for, indeed",Conjunction,Pronouns/Interrogatives,57.00
eō īre iī/īvī itum,go,Verb: Irregular,Motion,97.00
eō,"(adv.) there, to that place",Adverb,Place,470.00
epistula -ae f.,letter,Noun: 1st Declension,Writing/Poetry,951.00
eques equitis m.,"horseman, knight",Noun: 3rd Declension,War and Peace,296.00
equus -ī m.,horse,Noun: 2nd Declension,Animals/Plants,248.00
ergō,therefore,Conjunction,Conjunctions/Adverbs,134.00
ēripiō -ripere -ripuī -reptum,"snatch away, rescue, save",Verb: 3rd Conjugation -iō,Verbs of Transport,349.00
errō -āre,"go astray, wander",Verb: 1st Conjugation,Travel,402.00
error -ōris m.,"wandering; error, mistake",Noun: 3rd Declension,Travel,832.00
et,and,Conjunction,Conjunctions/Adverbs,1.00
etiam,"also, even",Adverb,Conjunctions/Adverbs,67.00
"ex, ē","out of, from (+ abl.)",Preposition,Place,26.00
excipiō -cipere -cēpī -ceptum,take out,Verb: 3rd Conjugation -iō,Verbs of Transport,394.00
exemplum -ī n.,"example, sample, copy",Noun: 2nd Declension,Speech/Oratory,519.00
exeō -īre -iī -itum,go forth,Verb: Irregular,Motion,597.00
exerceō -ercēre -ercuī -ercitum,"train, exercise, carry on",Verb: 2nd Conjugation,Athletics,576.00
exercitus -ūs m.,army,Noun: 4th Declension,War and Peace,267.00
exigō -igere -ēgī -āctum,drive out; collect,Verb: 3rd Conjugation -ō,Verbs of Compelling/Directing,500.00
exīstimō -āre,"think, believe",Verb: 1st Conjugation,Education/Knowledge,613.00
experior -perīrī -pertus sum,"try thoroughly, test, experience",Verb: Deponent,Education/Knowledge,713.00
exsilium -ī n.,"exile, banishment",Noun: 2nd Declension,Travel,794.00
exspectō -āre,"watch, wait, expect",Verb: 1st Conjugation,Vision,442.00
extrēmus -a -um,"farthest, situated at the end or tip, extreme",Adjective: 1st and 2nd Declension,Geography,385.00
fābula -ae f.,"account, tale, story",Noun: 1st Declension,Writing/Poetry,966.00
faciēs -ēī f.,"form, appearance",Noun: 5th Declension,Vision,479.00
facilis -e,easy,Adjective: 3rd Declension,Personality Traits/Characteristics,451.00
facinus facinoris n.,"deed, crime",Noun: 3rd Declension,Justice,646.00
faciō facere fēcī factum,"do, make",Verb: 3rd Conjugation -iō,Making/Doing,32.00
factum -ī n.,"deed, accomplishment",Noun: 2nd Declension,Making/Doing,611.00
fallō fallere fefellī falsum,deceive,Verb: 3rd Conjugation -ō,Deception,503.00
falsus -a -um,"deceptive, false",Adjective: 1st and 2nd Declension,Deception,633.00
fāma -ae f.,"rumor, fame",Noun: 1st Declension,Speech/Oratory,278.00
famēs -is f.,"hunger, famine",Noun: 3rd Declension,Life and Being,828.00
familia -ae f.,"household, family",Noun: 1st Declension,The Household,943.00
fateor fatērī fassus sum,"admit, confess; profess, declare; assent, say yes",Verb: Deponent,Justice,689.00
fātum -ī n.,fate; death,Noun: 2nd Declension,Religion,157.00
fax facis f.,torch,Noun: 3rd Declension,Air and Fire,511.00
fēlīciter,luckily,Adverb,Personality Traits/Characteristics,994.00
fēlīx -īcis,lucky,Adjective: 3rd Declension,Personality Traits/Characteristics,309.00
fēmina -ae f.,woman,Noun: 1st Declension,People,501.00
ferē,almost,Adverb,Conjunctions/Adverbs,907.00
ferō ferre tulī lātum,"bear, carry, endure",Verb: Irregular,Verbs of Transport,45.00
ferrum -ī n.,"iron, iron weapon or implement",Noun: 2nd Declension,Violence,231.00
ferus -a -um,"wild, fierce; fera -ae f.: wild animal",Adjective: 1st and 2nd Declension,Animals/Plants,222.00
fessus -a -um,"weary, tired",Adjective: 1st and 2nd Declension,Life and Being,625.00
fidēlis -e,faithful,Adjective: 3rd Declension,Personality Traits/Characteristics,979.00
fidēs -eī f.,"trust, faith",Noun: 5th Declension,Personality Traits/Characteristics,184.00
fīlia -ae f.; fīlius -ī m.,daughter; son,Noun: 1st Declension,The Household,909.00
fingō fingere fīnxī fīctum,shape; invent,Verb: 3rd Conjugation -ō,Making/Doing,721.00
fīnis -is m.,"end, boundary",Noun: 3rd Declension,Geography,236.00
fīō fierī factus sum,"become, happen, be done",Verb: Irregular,Life and Being,146.00
flamma -ae f.,"flame, fire",Noun: 1st Declension,Air and Fire,298.00
fleō flēre flēvī flētum,weep,Verb: 2nd Conjugation,Emotions,457.00
flōs flōris m.,"flower, bloom",Noun: 3rd Declension,Animals/Plants,818.00
fluctus -ūs m,"flood, billow, surf",Noun: 4th Declension,Earth and Water,498.00
flūmen -inis n.,"stream, river",Noun: 3rd Declension,Earth and Water,283.00
fluō fluere fluxī fluxum,flow,Verb: 3rd Conjugation -ō,Earth and Water,772.00
foedus -a -um,foul,Adjective: 1st and 2nd Declension,Other Senses,922.00
fōns fontis m.,"spring, fountain",Noun: 3rd Declension,Earth and Water,706.00
for fārī fātus sum,"report, say",Verb: Deponent,Speech/Oratory,739.00
fōrma -ae f.,shape; beauty,Noun: 1st Declension,Other Senses,422.00
fors fortis f.,chance,Noun: 3rd Declension,Religion,993.00
"forsitan, fortasse","perhaps, perchance",Adverb,Conjunctions/Adverbs,833.00
forte,by chance,Adverb,Religion,579.00
fortis -e,brave,Adjective: 3rd Declension,Personality Traits/Characteristics,286.00
fortūna -ae f.,fortune,Noun: 1st Declension,Religion,138.00
forum -ī n.,"market-place, forum",Noun: 2nd Declension,The City,811.00
frangō frangere frēgī frāctum,"break, shatter",Verb: 3rd Conjugation -ō,Violence,345.00
frāter frātris m.,brother,Noun: 3rd Declension,The Household,225.00
frequēns -ntis,"in large numbers, often",Adjective: 3rd Declension,Measurement,918.00
frōns frontis f.,"forehead, brow; front",Noun: 3rd Declension,The Body,559.00
frūctus -ūs m.,"fruit, crops; enjoyment, delight",Noun: 4th Declension,Animals/Plants,927.00
frūmentum -ī n.,grain,Noun: 2nd Declension,Animals/Plants,936.00
fruor fruī frūctus sum,"enjoy the produce of, profit by, use (+ abl.)",Verb: Deponent,Emotions,923.00
frūstrā,in vain,Adverb,Conjunctions/Adverbs,694.00
fuga -ae f.,"flight, route",Noun: 1st Declension,Travel,364.00
fugiō fugere fūgī fugitum,"flee, escape",Verb: 3rd Conjugation -iō,Travel,177.00
fugō -āre,put to flight,Verb: 1st Conjugation,Travel,957.00
fundō fundere fūdī fūsum,"pour, scatter",Verb: 3rd Conjugation -ō,Earth and Water,523.00
fūnus fūneris n.,funeral; death; dead body,Noun: 3rd Declension,Religion,524.00
furor -ōris m.,"rage, fury",Noun: 3rd Declension,Emotions,466.00
fore,,Verb: Irregular,Life and Being,985.00
gaudeō gaudēre gāvīsus sum,rejoice,Verb: 2nd Conjugation,Emotions,407.00
gaudium -ī n.,"delight, joy, pleasure",Noun: 2nd Declension,Emotions,727.00
gēns gentis f.,"family, clan",Noun: 3rd Declension,The Household,194.00
genus generis n.,"origin, lineage, kind",Noun: 3rd Declension,The Household,170.00
gerō gerere gessī gestum,"bear, manage; bellum gerere, wage war",Verb: 3rd Conjugation -ō,War and Peace,237.00
gīgnō gīgnere genuī genitum,"beget, bear, bring forth",Verb: 3rd Conjugation -ō,Life and Being,667.00
gladius -ī m.,sword,Noun: 2nd Declension,War and Peace,862.00
glōria -ae f.,"glory, fame",Noun: 1st Declension,Social Life,360.00
gradus -ūs m.,"step, pace; grade, rank",Noun: 4th Declension,War and Peace,577.00
grātia -ae f.,"favor, influence, gratitude",Noun: 1st Declension,Social Life,380.00
grātus -a -um,pleasant; grateful,Adjective: 1st and 2nd Declension,Personality Traits/Characteristics,434.00
gravis -e,"heavy, serious",Adjective: 3rd Declension,Measurement,140.00
habeō habēre habuī habitum,"have, hold",Verb: 2nd Conjugation,Other Senses,39.00
haud,not,Adverb,Conjunctions/Adverbs,226.00
hic haec hoc,"this, these",Pronoun,Pronouns/Interrogatives,7.00
hīc,here; hinc: from here,Adverb,Place,80.00
hiems hiemis f.,winter,Noun: 3rd Declension,Lengths of Time,803.00
hodiē,today,Adverb,Lengths of Time,981.00
homō hominis m.,human being,Noun: 3rd Declension,People,88.00
honestus -a -um,honorable,Adjective: 1st and 2nd Declension,Personality Traits/Characteristics,580.00
honor -ōris m.,"honor, glory; office, post",Noun: 3rd Declension,The City,290.00
hōra -ae f.,hour,Noun: 1st Declension,Lengths of Time,664.00
hortor hortārī hortātus sum,"urge strongly, advise, exhort",Verb: Deponent,Speech/Oratory,887.00
hospes hospitis m.,"guest, guest-friend; stranger; host",Noun: 3rd Declension,Social Life,873.00
hostis -is m./f.,"stranger, enemy",Noun: 3rd Declension,War and Peace,93.00
hūc,to this place,Adverb,Place,368.00
hūmānus -a -um,human,Adjective: 1st and 2nd Declension,People,355.00
humus -ī f.,ground; humī: on the ground,Noun: 2nd Declension,Earth and Water,740.00
iaceō iacēre iacuī,lie,Verb: 2nd Conjugation,The House,228.00
iaciō iacere iēcī iactum,"throw, hurl",Verb: 3rd Conjugation -iō,Athletics,899.00
iam,now; already,Adverb,Time,34.00
ibi,there,Adverb,Place,619.00
īctus -ūs m.,"blow, stroke",Noun: 4th Declension,Violence,819.00
īdem eadem idem,the same,Pronoun,Pronouns/Interrogatives,59.00
ideō,for this reason,Adverb,Conjunctions/Adverbs,679.00
igitur,therefore,Conjunction,Conjunctions/Adverbs,313.00
ignis -is m.,fire,Noun: 3rd Declension,Air and Fire,151.00
ille illa illud,that,Pronoun,Pronouns/Interrogatives,8.00
illīc,"at that place, there; illinc: from that place",Adverb,Place,396.00
illūc,to that place,Adverb,Place,955.00
imāgō -inis f.,"image, form, figure",Noun: 3rd Declension,Vision,754.00
imperātor -ōris m.,commander,Noun: 3rd Declension,War and Peace,723.00
imperium -ī n.,"command, power",Noun: 2nd Declension,War and Peace,200.00
imperō -āre,"command, control",Verb: 1st Conjugation,War and Peace,602.00
impetus -ūs m.,attack,Noun: 4th Declension,Violence,421.00
impleō -ēre -plēvī -plētum,"fill in, fill up",Verb: 2nd Conjugation,Earth and Water,671.00
impōnō -ere -posuī -positum,"put in, put on, impose, levy upon",Verb: 3rd Conjugation -ō,Measurement,437.00
in,"in, on (+ abl.); into, onto (+ acc)",Preposition,Place,5.00
incidō incidere incidī,"fall upon, fall into; happen",Verb: 3rd Conjugation -ō,Motion,871.00
incipiō -cipere -cēpī -ceptum,begin,Verb: 3rd Conjugation -iō,Time,411.00
inde,"from there, from then",Adverb,Place,328.00
indicō -āre,"point out, show, make known",Verb: 1st Conjugation,Speech/Oratory,980.00
īnferō īnferre intulī illātum,"bring upon, against; bellum īnferre: make war on",Verb: Irregular,War and Peace,742.00
īnferus -a -um,low; īnferior: lower; īnfimus or īmus: lowest,Adjective: 1st and 2nd Declension,Geography,428.00
ingenium -ī n.,"disposition, ability, talent",Noun: 2nd Declension,Education/Knowledge,387.00
ingēns ingentis,"huge, enormous",Adjective: 3rd Declension,Measurement,202.00
ingrātus -a -um:,"unpleasant, disagreeable",Adjective: 1st and 2nd Declension,Personality Traits/Characteristics,592.00
ingredior -gredī -gressus sum:,"step in, enter",Verb: Deponent,Motion,885.00
inimīcus -a -um:,unfriendly; (as subst.) enemy,Adjective: 1st and 2nd Declension,Personality Traits/Characteristics,952.00
initium -ī n.:,beginning,Noun: 2nd Declension,Time,865.00
iniūria -ae f.:,"injustice, wrong, affront",Noun: 1st Declension,Justice,381.00
"inquam, inquis, inquit, inquiunt:",say (used with direct speech),Verb: Irregular,Speech/Oratory,163.00
īnstituō -stituere -stituī -stitūtum:,undertake; equip,Verb: 3rd Conjugation -ō,Making/Doing,931.00
īnsula -ae f.:,island,Noun: 1st Declension,Geography,908.00
integer -gra -grum:,"untouched, fresh, complete, whole",Adjective: 1st and 2nd Declension,Personality Traits/Characteristics,815.00
intellegō -legere -lēxī -lēctum:,understand,Verb: 3rd Conjugation -ō,Education/Knowledge,512.00
intendō -tendere -tendī -tentum:,"stretch out, strain",Verb: 3rd Conjugation -ō,Motion,895.00
inter,"between, among; during (+ acc.)",Preposition,Place,64.00
interficiō -ficere -fēcī -fectum,kill,Verb: 3rd Conjugation -iō,Violence,699.00
interim,meanwhile,Adverb,Time,693.00
interrogō -āre,"put a question to, ask (+ acc.)",Verb: 1st Conjugation,Speech/Oratory,953.00
intersum -esse -fuī,"to be between; take part in, attend (+dat.); interest, it is in the interest of (+ gen.)",Verb: Irregular,Place,760.00
intrā,within (+ acc.),Preposition,Place,704.00
intrō -āre,enter,Verb: 1st Conjugation,Motion,766.00
inveniō -venīre -vēnī -ventum,find; discover,Verb: 4th Conjugation,Travel,316.00
invidia -ae f.,"envy, jealousy, hatred",Noun: 1st Declension,Emotions,707.00
ipse ipsa ipsum,him- her- itself,Pronoun,Pronouns/Interrogatives,22.00
īra irae f.,"wrath, anger",Noun: 1st Declension,Emotions,187.00
īrāscor īrāscī īrātus sum,grow angry; īrātus -a -um: angry,Verb: Deponent,Emotions,809.00
is ea id,"he, she, it",Pronoun,Pronouns/Interrogatives,13.00
iste ista istud,"that, that of yours; adv. istīc or istūc: over there; istinc: from over there",Pronoun,Pronouns/Interrogatives,81.00
ita,"thus, so",Adverb,Conjunctions/Adverbs,120.00
itaque,"and so, therefore",Conjunction,Conjunctions/Adverbs,208.00
item,likewise,Adverb,Conjunctions/Adverbs,932.00
iter itineris n.,"journey, route",Noun: 3rd Declension,Travel,230.00
iterum,again,Adverb,Time,758.00
iubeō iubēre iussī iussum,"bid, order",Verb: 2nd Conjugation,Justice,84.00
iūdex iūdicis m.,"judge, juror",Noun: 3rd Declension,Justice,839.00
iūdicium -ī n.,"judgment, decision, trial",Noun: 2nd Declension,Justice,749.00
iūdicō -āre,"judge, decide",Verb: 1st Conjugation,Justice,565.00
iugum -ī n.,"yoke; ridge, chain of hills",Noun: 2nd Declension,Animals/Plants,335.00
iungō iungere iūnxī iūnctum,join,Verb: 3rd Conjugation -ō,Making/Doing,513.00
iūrō -āre,"take an oath, swear; iūs iūrandum, oath",Verb: 1st Conjugation,Justice,896.00
iūs iūris n.,"right, justice, law",Noun: 3rd Declension,Justice,314.00
iūstus -a -um,"right, just, fair",Adjective: 1st and 2nd Declension,Justice,770.00
iuvenis -is m.,youth,Noun: 3rd Declension,People,277.00
iuvō iuvāre iūvī iūtum,"help, assist; please, delight",Verb: 1st Conjugation,Social Life,390.00
labor -ōris m.,"toil, exertion",Noun: 3rd Declension,Business/Money,201.00
labōrō -āre,"toil, work; be in trouble or distress",Verb: 1st Conjugation,Business/Money,900.00
lacrima -ae f.,tear,Noun: 1st Declension,Emotions,354.00
laedō laedere laesī laesum,"injure by striking, hurt",Verb: 3rd Conjugation -ō,Violence,783.00
laetus -a -um,"glad, joyful",Adjective: 1st and 2nd Declension,Emotions,262.00
lapis lapidis m.,stone,Noun: 3rd Declension,Earth and Water,840.00
lateō latēre latuī,"lie hidden, be hidden",Verb: 2nd Conjugation,Deception,695.00
latus -eris n.,"side, flank",Noun: 3rd Declension,The Body,382.00
lātus -a -um,"broad, wide",Adjective: 1st and 2nd Declension,Measurement,824.00
laudō -āre,praise,Verb: 1st Conjugation,Social Life,435.00
laus laudis f.,"praise, glory",Noun: 3rd Declension,Social Life,444.00
lēgātus -ī m.,"lieutenant, envoy",Noun: 2nd Declension,War and Peace,464.00
legiō -ōnis f.,legion,Noun: 3rd Declension,War and Peace,370.00
legō legere lēgī lēctum,"gather, choose, read",Verb: 3rd Conjugation -ō,Writing/Poetry,419.00
levis -e,"light, trivial",Adjective: 3rd Declension,Measurement,220.00
lēx lēgis f.,law,Noun: 3rd Declension,Justice,264.00
liber librī m.,book,Noun: 2nd Declension,Writing/Poetry,901.00
līber lībera līberum,free; līberī (m. pl.): freeborn children,Adjective: 1st and 2nd Declension,Justice,229.00
lībertās -ātis f.,freedom,Noun: 3rd Declension,The City,495.00
libet libēre libuit or libitum est,it is pleasing (+ dat. + infin.),Verb: Impersonal,Social Life,729.00
libīdō -inis f.,"passion, lust",Noun: 3rd Declension,Love,761.00
licet licēre licuit licitum est,it is permitted (+ dat. + infin.),Verb: Impersonal,Justice,175.00
licet,even though,Conjunction,Justice,778.00
līmen līminis n.,threshold,Noun: 3rd Declension,The House,516.00
lingua -ae f.,tongue; language,Noun: 1st Declension,The Body,732.00
littera -ae f.,"letter, (pl.) literature",Noun: 1st Declension,Writing/Poetry,710.00
lītus -oris n.,shore,Noun: 3rd Declension,Geography,245.00
locus -ī m.,place; loca (n. pl.) region,Noun: 2nd Declension,Geography,62.00
longē,"far, far off",Adverb,Measurement,400.00
longus -a -um,"long, far",Adjective: 1st and 2nd Declension,Measurement,142.00
loquor loquī locūtus sum,"speak, talk",Verb: Deponent,Speech/Oratory,310.00
lūmen luminis n.,light,Noun: 3rd Declension,Vision,375.00
lūna -ae f.,moon,Noun: 1st Declension,Air and Fire,902.00
lūx lūcis f.,light of day,Noun: 3rd Declension,Air and Fire,299.00
maestus -a -um,"sad, sorrowful; depressing",Adjective: 1st and 2nd Declension,Emotions,669.00
magis,more,Adverb,Conjunctions/Adverbs,90.00
magister magistrī m.,"master, chief",Noun: 2nd Declension,Education/Knowledge,933.00
māgnitūdō -inis f.,"greatness, size",Noun: 3rd Declension,Measurement,672.00
māgnus -a -um,great,Adjective: 1st and 2nd Declension,Measurement,25.00
māiōrēs māiōrum m.,ancestors,Noun: 3rd Declension,The Household,764.00
male,(adv.) badly,Adverb,Personality Traits/Characteristics,603.00
mālō mālle māluī,prefer,Verb: Irregular,Emotions,598.00
malus -a -um,"bad, evil",Adjective: 1st and 2nd Declension,Personality Traits/Characteristics,227.00
maneō manēre mānsī mānsum,remain,Verb: 2nd Conjugation,Travel,357.00
manus -ūs f.,hand; band of men,Noun: 4th Declension,The Body,48.00
mare -is n.,sea,Noun: 3rd Declension,Earth and Water,125.00
marītus -ī m.,husband,Noun: 2nd Declension,The Household,654.00
māter mātris f.,mother,Noun: 3rd Declension,The Household,127.00
māteria -ae f.,"material, subject matter; timber, lumber",Noun: 1st Declension,Speech/Oratory,857.00
medius -a -um,"middle, central",Adjective: 1st and 2nd Declension,Place,162.00
membrum -ī n.,"limb, member of the body",Noun: 2nd Declension,The Body,481.00
meminī meminisse,"remember, recollect",Verb: Irregular,Education/Knowledge,670.00
memoria -ae f.,"recollection, memory",Noun: 1st Declension,Education/Knowledge,627.00
mēns mentis f.,mind,Noun: 3rd Declension,The Body,173.00
mēnsa -ae f.,table,Noun: 1st Declension,The House,747.00
mereō merēre meruī meritum,"deserve, merit; serve as a soldier",Verb: 2nd Conjugation,Business/Money,852.00
metuō metuere metuī,"to fear, to dread",Verb: 3rd Conjugation -ō,Emotions,429.00
metus -ūs m.,"fear, dread",Noun: 4th Declension,Emotions,215.00
meus -a -um,my,Pronoun,Pronouns/Interrogatives,41.00
mīles -itis m.,soldier,Noun: 3rd Declension,War and Peace,161.00
mīlle (pl.) mīlia,thousand,Adjective: Numeral,Measurement,247.00
mīror mīrārī mīrātus sum,"wonder at, marvel at (+ acc.)",Verb: Deponent,Emotions,504.00
misceō miscēre miscuī mixtum,mix,Verb: 2nd Conjugation,Earth and Water,425.00
miser misera miserum,"wretched, pitiable",Adjective: 1st and 2nd Declension,Emotions,137.00
mittō mittere mīsī missum,"send, let go",Verb: 3rd Conjugation -ō,Verbs of Compelling/Directing,114.00
modo,"just, just now; modo ... modo: now ... now, at one moment ... at another, sometimes ... sometimes",Adverb,Time,152.00
modus -ī m.,"measure, manner, kind",Noun: 2nd Declension,Measurement,195.00
moenia -ium n. pl.,"walls, fortifications",Noun: 3rd Declension,The City,593.00
mollis -e,"soft, yielding, gentle",Adjective: 3rd Declension,Other Senses,356.00
moneō monēre monuī monitum,"warn, advise",Verb: 2nd Conjugation,Speech/Oratory,711.00
mōns montis m.,mountain,Noun: 3rd Declension,Geography,242.00
mora -ae f.,"delay, hindrance",Noun: 1st Declension,Time,399.00
morbus -ī m.,"sickness, disease",Noun: 2nd Declension,The Body,658.00
morior morī mortuus sum,die,Verb: Deponent,Life and Being,253.00
moror morārī morātus sum,delay,Verb: Deponent,Time,581.00
mors mortis f.,death,Noun: 3rd Declension,Life and Being,95.00
mortālis -e,"liable to death, mortal; (as subst.) a mortal",Adjective: 3rd Declension,Life and Being,950.00
mōs mōris m.,"custom, habit; (pl.) character",Noun: 3rd Declension,Social Life,181.00
moveō -ēre mōvī mōtum,move,Verb: 2nd Conjugation,Motion,192.00
mox,soon,Adverb,Time,469.00
mulier -eris f.,woman,Noun: 3rd Declension,People,961.00
multitūdō -inis f.,"multitude, number",Noun: 3rd Declension,Measurement,733.00
multus -a -um,"much, many; multō, by far",Adjective: 1st and 2nd Declension,Measurement,43.00
mundus -ī m.,"world, universe, heavens",Noun: 2nd Declension,Earth and Water,350.00
mundus -a -um,"clean, neat, elegant",Adjective: 1st and 2nd Declension,Personality Traits/Characteristics,997.00
mūnus mūneris n.,"gift, offering; duty, obligation; (pl.) gladiatorial show",Noun: 3rd Declension,Social Life,276.00
mūrus -ī m.,wall,Noun: 2nd Declension,The House,508.00
mūtō -āre,change,Verb: 1st Conjugation,Making/Doing,315.00
nam or namque,"for, indeed, really",Conjunction,Conjunctions/Adverbs,61.00
narrō -āre,"relate, recount",Verb: 1st Conjugation,Speech/Oratory,910.00
nāscor nāscī nātus sum,be born,Verb: Deponent,Life and Being,266.00
nātūra -ae f.,nature,Noun: 1st Declension,Life and Being,180.00
nātus -ī m.,son,Noun: 2nd Declension,The Household,211.00
nāvis -is f.,ship,Noun: 3rd Declension,Travel,353.00
ne (enclitic),interrogative particle attached to the emphatic word in a question,Adverb,Pronouns/Interrogatives,238.00
nē,"lest, that not",Conjunction,Conjunctions/Adverbs,47.00
nec,"and not, nor; nec ... nec, neither ... nor; → neque",Conjunction,Conjunctions/Adverbs,19.00
necesse (indecl. adj.),necessary,Adjective: Indeclinable,Business/Money,773.00
necessitās -tātis f.,"necessity, need",Noun: 3rd Declension,Business/Money,911.00
nefās n. indecl.,"impiety, wickedness",Noun: Indeclinable,Justice,541.00
negō -āre,"deny, refuse",Verb: 1st Conjugation,Speech/Oratory,294.00
negōtium -ī n.,business,Noun: 2nd Declension,Business/Money,846.00
nēmō,"no one (gen. nūllīus, dat. nūllī, abl. nūllō or nūllā → nūllus -a -um)",Pronoun,Pronouns/Interrogatives,179.00
nemus nemoris n.,"grove, forest",Noun: 3rd Declension,Animals/Plants,461.00
neque,"and not, nor; neque ... neque, neither ... nor; → nec",Conjunction,Conjunctions/Adverbs,72.00
nesciō -scīre,"not know, be ignorant",Verb: 4th Conjugation,Education/Knowledge,525.00
"nisi, nī","if not, unless",Conjunction,Conjunctions/Adverbs,100.00
niger nigra nigrum,black,Adjective: 1st and 2nd Declension,Vision,634.00
"nihil, nīl",nothing; not at all,Noun: Indeclinable,Measurement,55.00
nimis or nimium,excessively,Adverb,Personality Traits/Characteristics,841.00
nimius -a -um,"too much, excessive",Adjective: 1st and 2nd Declension,Personality Traits/Characteristics,502.00
nōbilis -e,"distinguished, noble; (as subst.) a nobleman or woman",Adjective: 3rd Declension,Personality Traits/Characteristics,455.00
noceō nocēre nocuī,harm,Verb: 2nd Conjugation,Violence,509.00
nōlō nōlle nōluī,be unwilling,Verb: Irregular,Emotions,458.00
nōmen -inis n.,name,Noun: 3rd Declension,Social Life,135.00
nōn,not,Adverb,Conjunctions/Adverbs,6.00
nōndum,not yet,Adverb,Conjunctions/Adverbs,436.00
nōs nostrum/nostrī nōbīs nōs,we,Pronoun,Pronouns/Interrogatives,51.00
nōscō nōscere nōvī nōtum,"learn, know",Verb: 3rd Conjugation -ō,Education/Knowledge,347.00
noster nostra nostrum,our,Pronoun,Pronouns/Interrogatives,52.00
nōtus -a -um,well-known,Adjective: 1st and 2nd Declension,Personality Traits/Characteristics,477.00
novus -a -um,new,Adjective: 1st and 2nd Declension,Time,139.00
nox noctis f.,night,Noun: 3rd Declension,Lengths of Time,119.00
nūdus -a -um,"naked, bare",Adjective: 1st and 2nd Declension,The Body,545.00
nūllus -a -um,"not any, no one",Adjective: 1st and 2nd Declension,Pronouns/Interrogatives,49.00
num,interrogative particle implying negative answer,Adverb,Pronouns/Interrogatives,924.00
nūmen -inis n.,"divine will, deity",Noun: 3rd Declension,Religion,452.00
numerus -ī m.,"number, amount",Noun: 2nd Declension,Measurement,338.00
numquam,never,Adverb,Time,251.00
nunc,now,Adverb,Time,50.00
nūntius -ī m.,messenger; news,Noun: 2nd Declension,Travel,919.00
ob,"against, on account of (+acc)",Preposition,Place,449.00
occīdō -cīdere -cīdī -cīsum,"kill, cut down",Verb: 3rd Conjugation -ō,Violence,801.00
occupō -āre,"seize, occupy; anticipate, do a thing first (+ infin.)",Verb: 1st Conjugation,War and Peace,472.00
occurrō -currere -cucurrī -cursum,run to meet; come into one’s mind,Verb: 3rd Conjugation -ō,Education/Knowledge,677.00
oculus -ī m.,eye,Noun: 2nd Declension,The Body,206.00
ōdī ōdisse,hate,Verb: Irregular,Emotions,790.00
odium -ī n.,hatred,Noun: 2nd Declension,Emotions,522.00
offerō offerre obtulī oblātum,"present, offer, expose",Verb: Irregular,Verbs of Transport,812.00
officium -ī n.,"service, duty",Noun: 2nd Declension,The City,607.00
ōlim,"formerly, at that time",Adverb,Time,574.00
omnis -e,"all, every, as a whole",Adjective: 3rd Declension,Measurement,18.00
onus oneris n.,"load, burden",Noun: 3rd Declension,Measurement,842.00
opera -ae f.,"labor, activity, work",Noun: 1st Declension,Business/Money,843.00
oportet -ēre -uit,"it is proper, right (+ acc. + infin.)",Verb: Impersonal,Social Life,806.00
oppidum -ī n.,town,Noun: 2nd Declension,The City,635.00
ops opis f.,"assistance, resources",Noun: 3rd Declension,Business/Money,318.00
optō -āre,"choose, select",Verb: 1st Conjugation,Personality Traits/Characteristics,417.00
opus operis n.,work,Noun: 3rd Declension,Business/Money,332.00
ōrātiō -ōnis f.,"speech, address",Noun: 3rd Declension,Speech/Oratory,736.00
orbis -is m.,circle; orbis terrārum: world,Noun: 3rd Declension,Geography,322.00
ōrdō -īnis m.,"order, rank",Noun: 3rd Declension,War and Peace,416.00
orior orīrī ortus sum,"arise, begin",Verb: Deponent,Time,642.00
ōrō -āre,pray,Verb: 1st Conjugation,Religion,755.00
ōs ōris n.,"mouth, face",Noun: 3rd Declension,The Body,147.00
os ossis n.,bone,Noun: 3rd Declension,The Body,696.00
ostendō ostendere ostendī ostentum,"show, hold out",Verb: 3rd Conjugation -ō,Other Senses,371.00
ōtium -ī n.,leisure,Noun: 2nd Declension,Social Life,715.00
paene,almost,Adverb,Conjunctions/Adverbs,944.00
pār paris,equal,Adjective: 3rd Declension,Measurement,281.00
parcō parcere pepercī parsum,"spare, be sparing of (+ dat.)",Verb: 3rd Conjugation -ō,War and Peace,412.00
parēns -ntis m./f.,parent,Noun: 3rd Declension,The Household,190.00
pāreō pārēre pāruī,obey,Verb: 2nd Conjugation,Verbs of Compelling/Directing,847.00
pariō parere peperī partum,"bring forth, give birth to; accomplish",Verb: 3rd Conjugation -iō,Life and Being,829.00
parō -āre,"prepare, acquire; parātus -a -um, ready",Verb: 1st Conjugation,Making/Doing,160.00
pars partis f.,part,Noun: 3rd Declension,Measurement,65.00
parum,too little,Adverb,Measurement,204.00
parvus -a -um,small,Adjective: 1st and 2nd Declension,Measurement,143.00
pateō patēre patuī,"lie open, extend; be evident or obvious",Verb: 2nd Conjugation,Geography,550.00
pater patris m.,"father, ancestor",Noun: 3rd Declension,The Household,71.00
patior patī passus sum,"permit, endure",Verb: Deponent,Verbs of Compelling/Directing,185.00
patria -ae f.,"fatherland, country",Noun: 1st Declension,Geography,342.00
paucī -ae -a,"few, a few",Adjective: 1st and 2nd Declension,Measurement,858.00
"paulō, paulum","to only a small extent, slightly, a little",Adverb,Measurement,872.00
pauper -eris,"poor, lowly",Adjective: 3rd Declension,Business/Money,844.00
pāx pācis f.,peace,Noun: 3rd Declension,War and Peace,388.00
peccō -āre,"commit a wrong, injure",Verb: 1st Conjugation,Justice,792.00
pectus -oris n.,"chest, breast",Noun: 3rd Declension,The Body,183.00
pecūnia -ae f.,money,Noun: 1st Declension,Business/Money,530.00
pecus -oris n.,"cattle, sheep",Noun: 3rd Declension,Animals/Plants,566.00
pellō pellere pepulī pulsum,"strike, beat, push, drive",Verb: 3rd Conjugation -ō,Violence,563.00
pendō pendere pependī pēnsum,"weigh, hang, suspend; pay",Verb: 3rd Conjugation -ō,Business/Money,988.00
per,through (+acc.),Preposition,Place,30.00
perdō -dere -didī -ditum,destroy,Verb: 3rd Conjugation -ō,Violence,488.00
pereō -īre -iī -itum,"perish, be lost",Verb: Irregular,Violence,268.00
pergō pergere perrēxī perrēctum,"continue, proceed; awaken",Verb: 3rd Conjugation -ō,Motion,821.00
perīculum -ī n.,danger,Noun: 2nd Declension,Violence,265.00
permittō -mittere -mīsī -missum,"yield, allow, permit",Verb: 3rd Conjugation -ō,Verbs of Compelling/Directing,702.00
perpetuus -a -um,"unbroken, perpetual",Adjective: 1st and 2nd Declension,Lengths of Time,891.00
pertineō -tinēre -tinuī,"extend over, reach; refer to, pertain to, be the business of",Verb: 2nd Conjugation,Education/Knowledge,866.00
perveniō -venīre -vēnī -ventum,"arrive, reach",Verb: 4th Conjugation,Travel,409.00
pēs pedis m.,foot,Noun: 3rd Declension,The Body,199.00
petō petere petīvī petītum,"seek, aim at",Verb: 3rd Conjugation -ō,Motion,83.00
pietās -tātis f.,"sense of duty, devotion, esp. between parents and children",Noun: 3rd Declension,The Household,767.00
pius -a -um,"dutiful, devoted, just, pious",Adjective: 1st and 2nd Declension,Personality Traits/Characteristics,748.00
placeō placēre placuī placitum,please,Verb: 2nd Conjugation,Social Life,287.00
plēbs plēbis f.,the common people,Noun: 3rd Declension,The City,649.00
plēnus -a -um,full,Adjective: 1st and 2nd Declension,Measurement,459.00
plērumque,generally,Adverb,Measurement,974.00
plērus- plēra- plērumque,"the greater part, very many, most, the majority",Adjective: 1st and 2nd Declension,Measurement,968.00
poena -ae f.,"penalty, punishment",Noun: 1st Declension,Justice,223.00
poēta -ae m.,poet,Noun: 1st Declension,Writing/Poetry,913.00
pondus ponderis n.,weight,Noun: 3rd Declension,Measurement,636.00
pōnō pōnere posuī positum,"put, place; put aside",Verb: 3rd Conjugation -ō,Verbs of Transport,102.00
pontus -ī m.,"the open sea, the deep",Noun: 2nd Declension,Earth and Water,630.00
populus -ī m.,people,Noun: 2nd Declension,The City,122.00
porta -ae f.,gate,Noun: 1st Declension,The City,759.00
portō -āre,carry a load,Verb: 1st Conjugation,Measurement,853.00
pōscō pōscere popōscī,"demand, claim; inquire into",Verb: 3rd Conjugation -ō,Speech/Oratory,487.00
possum posse potuī,be able,Verb: Irregular,Making/Doing,23.00
post,after (adv. and prep. +acc.),Preposition,Time,164.00
posteā,afterwards,Adverb,Time,964.00
posterus -a -um,"next, later",Adjective: 1st and 2nd Declension,Time,877.00
postquam,after,Conjunction,Time,384.00
potēns potentis,"able, powerful",Adjective: 3rd Declension,Personality Traits/Characteristics,567.00
potestās -ātis f.,power,Noun: 3rd Declension,The City,737.00
potis -e,"powerful, able",Adjective: 3rd Declension,Personality Traits/Characteristics,947.00
praebeō -ēre -uī -itum,"furnish, supply, render",Verb: 2nd Conjugation,Verbs of Transport,584.00
praeceptum -ī n.,"rule, precept; command",Noun: 2nd Declension,Justice,825.00
praecipiō -cipere -cēpī -ceptum,"anticipate, advise, warn",Verb: 3rd Conjugation -iō,Speech/Oratory,945.00
praeda -ae f.,"booty, prey",Noun: 1st Declension,War and Peace,626.00
praemium -ī n.,"bounty, reward",Noun: 2nd Declension,Business/Money,680.00
praesēns -ntis,"present, in person, ready",Adjective: 3rd Declension,Place,822.00
praesidium -ī n.,"garrison, protection",Noun: 2nd Declension,War and Peace,582.00
praestō -stāre -stitī -stitum,"excel, exhibit",Verb: 1st Conjugation,Other Senses,423.00
praeter,"by, along, past; besides, except (+ acc.)",Preposition,Place,756.00
praetereā,"besides, moreover",Adverb,Conjunctions/Adverbs,681.00
praetor -ōris m.,"praetor, one of the chief Roman magistrates",Noun: 3rd Declension,The City,878.00
precor -ārī,"pray, invoke",Verb: Deponent,Religion,492.00
premō premere pressī pressum,"press, pursue, overwhelm",Verb: 3rd Conjugation -ō,War and Peace,240.00
pretium -ī n.,"price, worth, reward; pretium operae: a reward for trouble",Noun: 2nd Declension,Business/Money,629.00
prex precis f.,"prayers, entreaties",Noun: 3rd Declension,Religion,520.00
prīmum,"at first, firstly",Adverb,Time,252.00
prīmus -a -um,first,Adjective: 1st and 2nd Declension,Time,91.00
prīnceps -cipis,"first, chief; (as subst.) leader, person in charge",Adjective: 3rd Declension,The City,317.00
prīncipium -ī n.,beginning,Noun: 2nd Declension,Time,948.00
prior prius,"earlier, preceding",Adjective: 3rd Declension,Time,526.00
prīvātus -a -um,"personal, private",Adjective: 1st and 2nd Declension,Social Life,882.00
prius or priusquam,before,Adverb,Time,484.00
prō,"for, on behalf of, in proportion to (+abl.)",Preposition,Non-Directional Prepositions,128.00
probō -āre,"approve, prove; convince one (dat.) of a thing (acc.)",Verb: 1st Conjugation,Verbs of Compelling/Directing,784.00
prōcēdō -cēdere -cessī -cessum,"go forth, advance",Verb: 3rd Conjugation -ō,Motion,746.00
procul,at a distance,Adverb,Place,397.00
prōdō prōdere prōdidī prōditum,"publish, hand down; give over, betray",Verb: 3rd Conjugation -ō,Verbs of Transport,929.00
proelium -ī n.,battle,Noun: 2nd Declension,War and Peace,348.00
proficīscor -ficīscī -fectus sum,"set forth, go",Verb: Deponent,Travel,835.00
prohibeō -ēre -uī -itum,"restrain, keep away",Verb: 2nd Conjugation,Verbs of Compelling/Directing,604.00
prōmittō -mittere -mīsī -missum,"send forth, offer",Verb: 3rd Conjugation -ō,Verbs of Compelling/Directing,720.00
prope,"near, next; (comp.) propior, (superl.) proximus; (adv.) prope, nearly, almost",Preposition,Place,189.00
properō -āre,"hasten, speed",Verb: 1st Conjugation,Motion,537.00
prōpōnō -pōnere -posuī -positum,"put forth, propose, present",Verb: 3rd Conjugation -ō,Speech/Oratory,930.00
proprius -a -um,"one’s own, peculiar",Adjective: 1st and 2nd Declension,Pronouns/Interrogatives,854.00
propter,because of (+ acc.),Preposition,Non-Directional Prepositions,560.00
prōsum prodesse profuī,"be of use, do good, help (+ dat.)",Verb: Irregular,Social Life,373.00
prōtinus,"at once, forthwith",Adverb,Time,903.00
prōvincia -ae f.,province; official duty,Noun: 1st Declension,The City,620.00
pūblicus -a -um,"public, belonging to the state",Adjective: 1st and 2nd Declension,The City,517.00
pudor pudōris m.,"sense of shame, modesty, propriety",Noun: 3rd Declension,Personality Traits/Characteristics,616.00
puella -ae f.,girl; girl-friend,Noun: 1st Declension,People,233.00
puer puerī m.,boy; slave,Noun: 2nd Declension,People,191.00
pūgna -ae f.,fist-fight; battle,Noun: 1st Declension,Violence,650.00
pugnō -āre,fight,Verb: 1st Conjugation,Violence,708.00
pulcher -chra -chrum,beautiful,Adjective: 1st and 2nd Declension,Vision,569.00
putō -āre,"think, suppose",Verb: 1st Conjugation,Education/Knowledge,166.00
quā,"where, how",Pronoun,Pronouns/Interrogatives,336.00
quaerō -rere -sīvī -sītum,"seek, inquire",Verb: 3rd Conjugation -ō,Education/Knowledge,113.00
quālis -e,of what kind? what?,Pronoun,Pronouns/Interrogatives,263.00
quam,how?; (after comparative) than,Adverb,Pronouns/Interrogatives,29.00
quamquam,"however, although",Conjunction,Conjunctions/Adverbs,644.00
quamvīs,however you like; although,Adverb,Conjunctions/Adverbs,489.00
quandō,when?; since; sī quandō: if ever,Adverb,Pronouns/Interrogatives,621.00
quantum,(adv.) how much? how greatly? how much! how greatly! as much as,Adverb,Pronouns/Interrogatives,557.00
quantus -a -um,"(interr.) how great? (rel.) of what size, amount, etc. (as subst.) what amount? (rel.) which amount; quantī, at what price? (rel.) at which price",Pronoun,Pronouns/Interrogatives,311.00
quārē,how? why?,Adverb,Pronouns/Interrogatives,786.00
quasi,as if,Adverb,Conjunctions/Adverbs,938.00
quattuor,four,Adjective: Numeral,Measurement,867.00
que,and (postpositive enclitic),Conjunction,Conjunctions/Adverbs,4.00
quemadmodum,"in what manner, how",Adverb,Pronouns/Interrogatives,531.00
queror querī questus sum,"complain of, lament",Verb: Deponent,Emotions,518.00
quī quae quod,"who, which, what",Pronoun,Pronouns/Interrogatives,3.00
quia,because,Conjunction,Conjunctions/Adverbs,132.00
quīcumque quaecumque quodcumque,"who-, whatever",Pronoun,Pronouns/Interrogatives,284.00
quīdam quaedam quoddam,"a certain one, someone",Pronoun,Pronouns/Interrogatives,126.00
quidem,"certainly, at least",Adverb,Conjunctions/Adverbs,136.00
quiēscō quiēscere quiēvī quiētum,keep quiet; sleep,Verb: 3rd Conjugation -ō,Life and Being,969.00
quīn,"(adv.) indeed, in fact; (conjunction) so that ... not (+ subj.)",Adverb,Conjunctions/Adverbs,456.00
quīppe,"(adv.) indeed, surely",Adverb,Conjunctions/Adverbs,499.00
quis quid,who? what? which?,Pronoun,Pronouns/Interrogatives,212.00
quisquam quicquam/quidquam,"any (single) person, anyone at all",Pronoun,Pronouns/Interrogatives,280.00
quisque quaeque quidque,"each one, everyone",Pronoun,Pronouns/Interrogatives,197.00
quisquis quidquid,"whoever, whichever",Pronoun,Pronouns/Interrogatives,129.00
quō,"for which reason; to or in what place; to what end, for what purpose?",Adverb,Pronouns/Interrogatives,305.00
quōmodo,"in what way, how?",Conjunction,Pronouns/Interrogatives,831.00
quondam,"formerly, once",Adverb,Time,542.00
quoniam,"since, seeing that",Conjunction,Conjunctions/Adverbs,510.00
quoque,"also, too",Conjunction,Conjunctions/Adverbs,76.00
quotiēns,"interr. how many times? how often? rel. as often as, whenever",Adverb,Pronouns/Interrogatives,970.00
rapiō rapere rapuī raptum,"seize, tear away",Verb: 3rd Conjugation -iō,Violence,273.00
rārus -a -um,"wide apart, loose, thin; rare, seldom",Adjective: 1st and 2nd Declension,Measurement,752.00
ratiō -ōnis f.,"method, plan, reason",Noun: 3rd Declension,Education/Knowledge,256.00
recēdō -cēdere -cessī -cessum,"step back, recoil, recede, withdraw",Verb: 3rd Conjugation -ō,Motion,826.00
recēns -ntis,"fresh, new",Adjective: 3rd Declension,Time,781.00
recipiō -cipere -cēpī -ceptum,"take back, receive; sē recipere, betake oneself, go",Verb: 3rd Conjugation -iō,Verbs of Transport,319.00
rēctus -a -um,"straight, direct",Adjective: 1st and 2nd Declension,Measurement,823.00
reddō -dere -didī -ditum,"return, give back",Verb: 3rd Conjugation -ō,Verbs of Transport,174.00
redeō -īre -iī -itum,"go back, return",Verb: Irregular,Motion,301.00
referō referre rettulī relātum,bring back; report,Verb: Irregular,Verbs of Transport,171.00
regiō -ōnis f.,"boundary, region",Noun: 3rd Declension,Geography,585.00
rēgius -a -um,"kingly, royal",Adjective: 1st and 2nd Declension,Personality Traits/Characteristics,561.00
rēgnum -ī n.,"kingship, kingdom",Noun: 2nd Declension,Geography,121.00
regō regere rēxī rēctum,"guide, rule",Verb: 3rd Conjugation -ō,The City,554.00
relinquō -linquere -līquī -lictum,abandon,Verb: 3rd Conjugation -ō,Motion,144.00
reliquus -a -um,"remaining, rest",Adjective: 1st and 2nd Declension,Measurement,788.00
reor rērī rātus sum,"think, imagine, suppose, deem",Verb: Deponent,Education/Knowledge,774.00
reperiō -perīre -pperī -pertum,"find, find out",Verb: 4th Conjugation,Education/Knowledge,765.00
repetō -petere -petīvī -petītum,"demand, exact; revisit; call to mind, recollect; repeat",Verb: 3rd Conjugation -ō,Verbs of Compelling/Directing,651.00
rēs reī f.,"thing (rēs pūblica, commonwealth; rēs familiāris, family property, estate; rēs mīlitāris, art of war; rēs novae, revolution)",Noun: 5th Declension,Life and Being,38.00
respicio -ere -spēxī -spectum,"look back, regard, consider",Verb: 3rd Conjugation -iō,Vision,722.00
respondeō -spondēre -spondī -spōnsum,answer,Verb: 2nd Conjugation,Speech/Oratory,535.00
retineō -tinēre -tinuī -tentum,"hold back, keep",Verb: 2nd Conjugation,Verbs of Compelling/Directing,647.00
revertō -vertere -vertī,turn back,Verb: 3rd Conjugation -ō,Motion,995.00
revocō -āre,"call back, recall",Verb: 1st Conjugation,Social Life,813.00
reus -ī m.,defendant,Noun: 2nd Declension,Justice,888.00
rēx rēgis m.,king,Noun: 3rd Declension,The City,60.00
rīdeō -ēre rīsī rīsum,"laugh, laugh at",Verb: 2nd Conjugation,Emotions,874.00
rīpa -ae f.,bank of a river,Noun: 1st Declension,Earth and Water,662.00
rogō -āre,ask,Verb: 1st Conjugation,Speech/Oratory,551.00
rumpō rumpere rūpī ruptum,"break, rupture",Verb: 3rd Conjugation -ō,Violence,480.00
rūrsus,"back, again",Adverb,Place,440.00
rūs rūris n.,country,Noun: 3rd Declension,Geography,879.00
sacer sacra sacrum,"holy, sacred",Adjective: 1st and 2nd Declension,Religion,398.00
sacerdōs -dōtis m./f.,"priest, priestess",Noun: 3rd Declension,Religion,939.00
saeculum -ī n.,"generation, age, century",Noun: 2nd Declension,Lengths of Time,776.00
saepe,often,Adverb,Time,145.00
saevus -a -um,"fierce, raging, wrathful",Adjective: 1st and 2nd Declension,Personality Traits/Characteristics,244.00
salūs -ūtis f.,"health, safety",Noun: 3rd Declension,Life and Being,549.00
sānctus -a -um,"sacred, inviolable",Adjective: 1st and 2nd Declension,Religion,659.00
sanguis -inis m.,blood,Noun: 3rd Declension,The Body,214.00
sānus -a -um,"sound, sane",Adjective: 1st and 2nd Declension,Life and Being,946.00
sapiēns -ntis,"wise; (as subst.) wise man, sage, philosopher",Adjective: 3rd Declension,Education/Knowledge,453.00
sapientia -ae f.,wisdom,Noun: 1st Declension,Education/Knowledge,797.00
"satis, sat","enough, sufficient, sufficiently",Adverb,Measurement,341.00
saxum -ī n.,"rock, cliff, crag",Noun: 2nd Declension,Earth and Water,306.00
scelus -eris n.,"crime, sin",Noun: 3rd Declension,Justice,154.00
scientia -ae f.,knowledge,Noun: 1st Declension,Education/Knowledge,971.00
scīlicet,"certainly, of course",Adverb,Conjunctions/Adverbs,889.00
sciō -īre -īvī/-iī -ītum,know,Verb: 4th Conjugation,Education/Knowledge,172.00
scrībō scrībere scrīpsī scrīptum,write,Verb: 3rd Conjugation -ō,Writing/Poetry,568.00
secundus -a -um,following; favorable; (as numeral) second,Adjective: 1st and 2nd Declension,Measurement,836.00
sēcūrus -a -um,"free from care, tranquil; careless",Adjective: 1st and 2nd Declension,Personality Traits/Characteristics,697.00
sed,but,Conjunction,Conjunctions/Adverbs,20.00
sedeō sedēre sēdī sessum,sit,Verb: 2nd Conjugation,The House,506.00
sēdēs -is f.,"seat, abode, habitation",Noun: 3rd Declension,The House,403.00
semel,once,Adverb,Time,789.00
semper,"always, ever",Adverb,Time,149.00
senātus -ūs m.,senate,Noun: 4th Declension,The City,329.00
senex -is m.,"old man, elder; senior, older",Noun: 3rd Declension,People,558.00
sēnsus -ūs m.,"feeling, emotion, sense",Noun: 4th Declension,Emotions,793.00
sententia -ae f.,"opinion, judgment",Noun: 1st Declension,Education/Knowledge,586.00
sentiō sentīre sēnsī sēnsum,"perceive, feel, hear, see",Verb: 4th Conjugation,Other Senses,302.00
sepulcrum -ī n.,"place of burial, tomb, grave",Noun: 2nd Declension,Life and Being,949.00
sequor sequī secūtus sum,follow,Verb: Deponent,Motion,108.00
sermō -ōnis m.,"conversation, discourse",Noun: 3rd Declension,Speech/Oratory,575.00
serviō -īre,"be a slave, serve (+ dat.)",Verb: 4th Conjugation,The Household,883.00
servō -āre,"save, watch over",Verb: 1st Conjugation,The Household,289.00
servus -ī m.,slave,Noun: 2nd Declension,The Household,496.00
seu,whether; seu ... seu: whether ... or → sīve,Conjunction,Conjunctions/Adverbs,343.00
sī,if,Conjunction,Conjunctions/Adverbs,16.00
sīc,"in this manner, thus; sīc ... ut: in the same way as",Adverb,Conjunctions/Adverbs,79.00
sīcut,just as,Adverb,Conjunctions/Adverbs,791.00
sīdus -eris n.,"star, constellation",Noun: 3rd Declension,Air and Fire,359.00
sīgnum -ī n.,"sign, standard, mark",Noun: 2nd Declension,War and Peace,261.00
silva -ae f.,"forest, grove",Noun: 1st Declension,Animals/Plants,234.00
similis -e,"like, similar",Adjective: 3rd Declension,Personality Traits/Characteristics,414.00
simul,at the same time,Adverb,Time,274.00
sine,without (+ abl.),Preposition,Non-Directional Prepositions,104.00
singulī -ae -a,one each,Adjective: 1st and 2nd Declension,Measurement,507.00
sinō sinere sīvī situm,"allow, let go",Verb: 3rd Conjugation -ō,Verbs of Compelling/Directing,717.00
sinus -ūs m.,"fold of a garment; lap, bay, gulf",Noun: 4th Declension,Earth and Water,478.00
sīve,whether; sīve ... sīve: whether ... or → seu,Conjunction,Conjunctions/Adverbs,362.00
socius -a -um,"friendly, allied; socius -ī m.: partner, comrade",Adjective: 1st and 2nd Declension,Social Life,372.00
sōl sōlis m.,sun,Noun: 3rd Declension,Air and Fire,320.00
soleō -ēre -uī -itum,be accustomed,Verb: 2nd Conjugation,Personality Traits/Characteristics,246.00
sōlum,"only, merely",Adverb,Measurement,897.00
solvō solvere solvī solūtum,"release, set sail",Verb: 3rd Conjugation -ō,Travel,325.00
sōlus -a -um,"only, alone",Adjective: 1st and 2nd Declension,Measurement,176.00
somnus -ī m.,"sleep, slumber; (pl.) dreams",Noun: 2nd Declension,Life and Being,438.00
sonō sonāre sonuī sonitum,"sound, resound",Verb: 1st Conjugation,Other Senses,583.00
soror -ōris f.,sister,Noun: 3rd Declension,The Household,497.00
sors sortis f.,"lot, fate, destiny; oracle",Noun: 3rd Declension,Religion,639.00
spargō spargere sparsī sparsum,scatter,Verb: 3rd Conjugation -ō,Earth and Water,532.00
spatium -ī n.,space,Noun: 2nd Declension,Air and Fire,426.00
speciēs -ēī f.,"aspect, appearance",Noun: 5th Declension,Vision,599.00
spectō -āre,"look at, consider",Verb: 1st Conjugation,Vision,473.00
spērō -āre,to hope,Verb: 1st Conjugation,Emotions,648.00
spēs speī f.,hope,Noun: 5th Declension,Emotions,232.00
spīritus -ūs m.,"breath, life, spirit",Noun: 4th Declension,Life and Being,703.00
statim,immediately,Adverb,Time,798.00
statuō -ere -uī -ūtum,"set up, determine",Verb: 3rd Conjugation -ō,Justice,678.00
stella -ae f.,star,Noun: 1st Declension,Air and Fire,934.00
stō stāre stetī statum,stand,Verb: 1st Conjugation,Life and Being,168.00
studeō -ēre -uī,"be eager, be zealous, care for (+ dat.)",Verb: 2nd Conjugation,Emotions,989.00
studium -ī n.,"eagerness, zeal",Noun: 2nd Declension,Emotions,450.00
sub,"under, close to (+acc. or abl.)",Preposition,Place,118.00
subeō -īre -iī -itum,go under; endure,Verb: Irregular,Motion,538.00
subitō,"suddenly, unexpectedly",Adverb,Time,848.00
sui sibi sē/sēsē,"him- her- itself, themselves",Pronoun,Pronouns/Interrogatives,17.00
sum esse fuī futūrum,"be, exist; fut. infin. often = fore, impf. subj. often = forem for essem",Verb: Irregular,Life and Being,2.00
sūmō sūmere sūmpsī sūmptum,take up,Verb: 3rd Conjugation -ō,Motion,454.00
super,over (adv. and prep. +acc.),Adverb,Place,401.00
superbus -a -um,"overbearing, proud, haughty",Adjective: 1st and 2nd Declension,Personality Traits/Characteristics,656.00
superī -ōrum m. pl.,"those above, i.e. the gods",Noun: 2nd Declension,Religion,714.00
superō -āre,"overcome, surpass, defeat",Verb: 1st Conjugation,War and Peace,668.00
supersum -esse -fuī,"remain, survive; be superfluous (to)",Verb: Irregular,Place,623.00
superus -a -um,"situated above, upper",Adjective: 1st and 2nd Declension,Religion,99.00
supplicium -ī n.,"punishment, penalty",Noun: 2nd Declension,Justice,683.00
suprā,"above, beyond (adv. and prep. +acc.)",Preposition,Place,588.00
surgō surgere surrēxī surrēctum,rise,Verb: 3rd Conjugation -ō,Earth and Water,570.00
suscipiō -cipere -cēpī ceptum,take up,Verb: 3rd Conjugation -iō,Verbs of Transport,937.00
sustineō sustinēre sustinuī sustentum,"hold up, sustain",Verb: 2nd Conjugation,Social Life,762.00
suus -a -um,"his own, her own, its own",Adjective: 1st and 2nd Declension,Pronouns/Interrogatives,27.00
taceō -ēre -uī -itum,"be silent; tacitus -a -um, silent",Verb: 2nd Conjugation,Other Senses,369.00
tālis tāle,such,Adjective: 3rd Declension,Measurement,203.00
tam,"so, so much",Adverb,Conjunctions/Adverbs,96.00
tamen,"nevertheless, still",Conjunction,Conjunctions/Adverbs,58.00
tamquam,"so as, just as",Adverb,Conjunctions/Adverbs,363.00
tandem,finally,Adverb,Conjunctions/Adverbs,427.00
tangō tangere tetigī tāctum,touch,Verb: 3rd Conjugation -ō,Other Senses,534.00
"tantum, tantummodo",only,Adverb,Measurement,216.00
tantus -a -um,"so great, so much; (as pronoun) such a quantity, so much; tantī, at such a price, of such worth",Adjective: 1st and 2nd Declension,Measurement,105.00
tardus -a -um,"slow, sluggish, lingering",Adjective: 1st and 2nd Declension,Time,738.00
tēctum -ī n.,"roof; building, house",Noun: 2nd Declension,The House,386.00
tegō tegere tēxī tēctum,"cover, conceal",Verb: 3rd Conjugation -ō,Deception,376.00
tellus tellūris f.,earth,Noun: 3rd Declension,Earth and Water,337.00
tēlum -ī n.,"missile, weapon, spear",Noun: 2nd Declension,War and Peace,255.00
tempestas -tātis f.,"period of time, season; bad weather, storm",Noun: 3rd Declension,Lengths of Time,753.00
templum -ī n.,consecrated ground; temple,Noun: 2nd Declension,Religion,485.00
tempus -oris n.,time,Noun: 3rd Declension,Time,89.00
tendō tendere tetendī tentum,"stretch, extend, direct (one’s steps or course)",Verb: 3rd Conjugation -ō,Travel,529.00
tenebrae -brārum f. pl.,"darkness, the shadows",Noun: 1st Declension,Vision,775.00
teneō -ēre -uī tentum,"hold, keep",Verb: 2nd Conjugation,Other Senses,106.00
tener -era -erum,tender,Adjective: 1st and 2nd Declension,Other Senses,490.00
temptō -āre,"try, test",Verb: 1st Conjugation,Making/Doing,430.00
tergum -ī n.,"back, rear; ā tergō: from the rear",Noun: 2nd Declension,The Body,474.00
terra -ae f.,land,Noun: 1st Declension,Earth and Water,70.00
terreō terrēre terruī territum,"terrify, frighten",Verb: 2nd Conjugation,Emotions,705.00
tertius -a -um,third,Adjective: 1st and 2nd Declension,Measurement,682.00
testis -is m.,witness,Noun: 3rd Declension,Justice,741.00
timeō -ēre -uī,"to fear, to dread",Verb: 2nd Conjugation,Emotions,153.00
timor -ōris m.,fear,Noun: 3rd Declension,Emotions,536.00
tollō tollere sustulī sublātum,"raise up, destroy",Verb: Irregular,Violence,293.00
tot,so many,Adverb,Measurement,259.00
tōtus -a -um,"whole, entire",Adjective: 1st and 2nd Declension,Measurement,78.00
trādō -dere -didī -ditum,"hand over, yield",Verb: 3rd Conjugation -ō,Business/Money,297.00
trahō trahere trāxī trāctum,"drag, draw",Verb: 3rd Conjugation -ō,Verbs of Compelling/Directing,213.00
trānseō -īre -iī -itum,go across,Verb: Irregular,Travel,431.00
trēs tria,three,Adjective: Numeral,Measurement,533.00
tribūnus -ī m.,"tribune, title of various Roman officials, as mīlitum, plēbis, aerāriī",Noun: 2nd Declension,The City,807.00
trīstis -e,"sad, solemn, grim",Adjective: 3rd Declension,Emotions,275.00
tū tuī tibi tē,you (sing.),Pronoun,Pronouns/Interrogatives,9.00
tum or tunc,then,Adverb,Time,56.00
turba -ae f.,"crowd, uproar",Noun: 1st Declension,The City,323.00
turbō -āre,"disturb, confuse",Verb: 1st Conjugation,Speech/Oratory,868.00
turpis -e,"ugly, unsightly; disgraceful",Adjective: 3rd Declension,Other Senses,377.00
tūtus -a -um,"safe, protected",Adjective: 1st and 2nd Declension,War and Peace,365.00
tuus -a -um,your,Adjective: 1st and 2nd Declension,Pronouns/Interrogatives,44.00
vacō vacāre,"be empty, open, unoccupied",Verb: 1st Conjugation,Measurement,724.00
vacuus -a -um,empty,Adjective: 1st and 2nd Declension,Measurement,673.00
vagus -a -um,"wandering, shifting",Adjective: 1st and 2nd Declension,Travel,674.00
valeō valēre valuī,"be strong, excel, be valid, prevail; valē: farewell!",Verb: 2nd Conjugation,Social Life,539.00
validus -a -um,strong,Adjective: 1st and 2nd Declension,Personality Traits/Characteristics,816.00
vanus -a -um,"empty; false, deceitful",Adjective: 1st and 2nd Declension,Deception,856.00
varius -a -um,"changing, varied, various",Adjective: 1st and 2nd Declension,Other Senses,631.00
vātēs -is m.,"poet, bard",Noun: 3rd Declension,Writing/Poetry,684.00
ubi,"where, when",Adverb,Place,92.00
ve,or (postpositive enclitic),Conjunction,Conjunctions/Adverbs,307.00
vehō vehere vēxī vectum,"carry; vehor vehī vectus sum: travel, ride",Verb: 3rd Conjugation -ō,Travel,632.00
vel,"or else, or; even; vel ... vel: either … or",Conjunction,Conjunctions/Adverbs,141.00
velut,"even as, just as",Adverb,Conjunctions/Adverbs,447.00
veniō venīre vēnī ventum,come,Verb: 4th Conjugation,Motion,63.00
ventus -ī m.,wind,Noun: 2nd Declension,Air and Fire,269.00
verbum -ī n.,word,Noun: 2nd Declension,Writing/Poetry,188.00
vērē,truly,Adverb,Speech/Oratory,983.00
vereor verērī veritus sum,"fear, stand in awe of",Verb: Deponent,Emotions,884.00
vērō,"in fact, certainly, without doubt",Adverb,Conjunctions/Adverbs,280.00
vertō vertere vertī versum,turn,Verb: 3rd Conjugation -ō,Motion,288.00
vērus -a -um,true,Adjective: 1st and 2nd Declension,Speech/Oratory,410.00
vester vestra vestrum,your,Adjective: 1st and 2nd Declension,Pronouns/Interrogatives,282.00
vestīgium -ī n.,"footstep, footprint, track",Noun: 2nd Declension,Travel,716.00
vestis -is f.,"garment, robe, clothing",Noun: 3rd Declension,Life and Being,413.00
vetō -āre vetuī vetītum,forbid,Verb: 1st Conjugation,Verbs of Compelling/Directing,665.00
vetus veteris,old,Adjective: 3rd Declension,Time,295.00
via -ae f.,"way, street",Noun: 1st Declension,Travel,196.00
vīcīnus -a -um,"neighboring, near",Adjective: 1st and 2nd Declension,Geography,940.00
victor -ōris m.,conqueror,Noun: 3rd Declension,War and Peace,340.00
victōria -ae f.,victory,Noun: 1st Declension,War and Peace,750.00
videō vidēre vīdī vīsum,see,Verb: 2nd Conjugation,Vision,31.00
vincō vincere vīcī victum,conquer,Verb: 3rd Conjugation -ō,War and Peace,101.00
vinculum -ī n.,"bond, fetter, tie",Noun: 2nd Declension,War and Peace,594.00
vīnum -ī n.,"vine, wine",Noun: 2nd Declension,Animals/Plants,640.00
vir virī m.,man,Noun: 2nd Declension,People,85.00
virgō -inis f.,"maiden, virgin, girl",Noun: 3rd Declension,People,418.00
virtūs -ūtis f.,"valor, manliness, virtue",Noun: 3rd Declension,Personality Traits/Characteristics,111.00
vīs f.,"force; (acc.) vim, (abl.) vī; (pl.) vīrēs, strength",Noun: 3rd Declension,War and Peace,115.00
vīta -ae f.,life,Noun: 1st Declension,Life and Being,87.00
vitium -ī n.,"flaw, fault, crime",Noun: 2nd Declension,Justice,326.00
vītō -āre,"avoid, shun",Verb: 1st Conjugation,Social Life,881.00
vīvō vīvere vīxī vīctum,live,Verb: 3rd Conjugation -ō,Life and Being,156.00
vix,scarcely,Adverb,Conjunctions/Adverbs,352.00
ūllus -a -um,"any, anyone",Adjective: 1st and 2nd Declension,Pronouns/Interrogatives,178.00
ultimus -a -um,"farthest, final, last, ultimate",Adjective: 1st and 2nd Declension,Geography,432.00
ultrā,"beyond, further (adv. and prep. + acc.)",Preposition,Place,600.00
umbra -ae f.,"shade, shadow",Noun: 1st Declension,Vision,257.00
umquam,ever,Adverb,Time,482.00
unda -ae f.,"wave, flowing water, water",Noun: 1st Declension,Earth and Water,207.00
unde,from where,Adverb,Place,300.00
undique,"from all sides, on all sides",Adverb,Place,686.00
ūnus -a -um,one,Adjective: 1st and 2nd Declension,Measurement,53.00
vocō -āre,call,Verb: 1st Conjugation,Speech/Oratory,158.00
volō velle voluī,"wish, be willing",Verb: Irregular,Emotions,66.00
volucer -cris -cre,flying,Adjective: 3rd Declension,Animals/Plants,977.00
volucris -is f./m.,bird,Noun: 3rd Declension,Animals/Plants,976.00
voluntās -ātis f.,"wish, desire",Noun: 3rd Declension,Emotions,859.00
voluptās -ātis f.,"pleasure, enjoyment",Noun: 3rd Declension,Social Life,378.00
vōs,"you (pl.); (gen.) vestrum/vestrī, (dat./abl.) vōbīs, (acc.) vōs",Adjective: 1st and 2nd Declension,Pronouns/Interrogatives,130.00
vōtum -ī n.,"solemn promise, vow; hope",Noun: 2nd Declension,Religion,334.00
vōx vōcis f.,"voice, utterance",Noun: 3rd Declension,Speech/Oratory,169.00
urbs urbis f.,city,Noun: 3rd Declension,The City,82.00
ūsque,up to; continuously,Adverb,Time,527.00
ūsus -ūs m.,"use, experience",Noun: 4th Declension,Education/Knowledge,446.00
"ut, utī","as (+ indic.); so that, with the result that (+ subj.); (in questions) in what manner, how; (exclam.) to what an extent! how!",Adverb,Conjunctions/Adverbs,15.00
uterque utraque utrumque,each of two,Conjunction,Measurement,243.00
ūtilis -e,useful,Adjective: 3rd Declension,Making/Doing,850.00
ūtor ūtī ūsus sum,"use, consume, employ (+ abl.)",Verb: Deponent,Making/Doing,330.00
utrum,whether; utrum ... an: whether ... or,Conjunction,Conjunctions/Adverbs,827.00
vulgō,commonly,Adverb,The City,991.00
vulgus -ī n. and m.,the common people,Noun: 2nd Declension,The City,675.00
vulnus -eris n.,wound,Noun: 3rd Declension,Violence,327.00
vultus -ūs m.,"look, expression, face",Noun: 4th Declension,The Body,209.00
uxor uxōris f.,wife,Noun: 3rd Declension,The Household,552.00
